{
    "accuracy_score": 0.9934166666666666,
    "roc_auc_score": 0.9003543463542433,
    "f1_score": 0.7893333333333332
}