{
    "accuracy_score": 0.994,
    "roc_auc_score": 0.9113508580848372,
    "f1_score": 0.8085106382978724
}