{
    "accuracy_score": 0.9899166666666667,
    "roc_auc_score": 0.858450958170204,
    "f1_score": 0.6873385012919897
}