{
    "accuracy_score": 0.9944166666666666,
    "roc_auc_score": 0.9115624356068412,
    "f1_score": 0.8194070080862534
}